business_name,registration_id,status,filing_date,agent_name,agent_address,agent_email
Quantum Consulting LLC,SD0000046,Active,2021-11-08,Sara Wilson,8738 Hill Ave,sara.wilson.7aa506f4-1597-4411-bb85-500687bb1da7@example.com
Prime Mart LLC,SD0000065,Active,1997-04-27,Maria Taylor,4791 Elm Ave,maria.taylor.37096889-e260-417a-a4db-38cfab58e4ea@example.com
Golden Market LLC,SD0000055,Active,2020-10-10,Ezra Davis,8571 Hill Ave,ezra.davis.8619bc6b-894e-4ce9-bcce-ebb67db35f30@example.com
Green Services LLC,SD0000012,Active,2010-02-25,Maria Miller,8655 Hill Ave,maria.miller.82e75986-6976-48b6-9038-d86e79de1268@example.com
Sky Solutions LLC,SD0000067,Active,2004-10-19,Dave Wilson,5456 Hill Ave,dave.wilson.f02b78b3-7a2d-42c4-a74f-a4198784844c@example.com
Apex Ventures LLC,SD0000080,Active,2025-09-11,Jen Anderson,1921 Maple Ave,jen.anderson.fe017d7a-c2cb-4571-8a55-2fa8a9e6bf86@example.com
Pine Foods LLC,SD0000020,Active,2011-09-06,Maria Johnson,9759 Broadway Ave,maria.johnson.b4a4c59f-1c88-4df3-8c08-74c9a3202896@example.com
Rapid Ventures LLC,SD0000069,Active,2025-10-11,Dave Smith,2371 Hill Ave,dave.smith.1f4a7c1a-3684-473c-ba40-2f03a7cf8b46@example.com
Summit Industries LLC,SD0000042,Dissolved,2013-10-22,Maria Taylor,2987 Broadway Ave,maria.taylor.021e781b-c37e-4bd6-8e86-d42544392e50@example.com
Cedar Labs LLC,SD0000077,Active,2018-03-03,Maria Davis,2175 Elm Ave,maria.davis.8d0b9d94-3bbc-4bd9-a9d2-bc048d3e10bd@example.com
Pine Pharmacy LLC,SD0000039,Active,2002-07-23,Ezra Anderson,5431 Hill Ave,ezra.anderson.2c411b63-ed66-4857-ab29-d2322dcb0c3d@example.com
Golden Services LLC,SD0000005,Active,2009-11-27,Gian Davis,4384 Broadway Ave,gian.davis.3786dba4-ca53-4934-9c5e-259aeec12a4f@example.com
Green Labs LLC,SD0000004,Pending,2007-02-18,John Smith,3743 Elm Ave,john.smith.9100c151-afe3-4427-8f10-b76ff4432442@example.com
Apex Farms LLC,SD0000021,Dissolved,2013-04-19,Gian Miller,3356 Elm Ave,gian.miller.31e409a6-6f12-4a67-9fd3-de828aeb2deb@example.com
Bright Mart LLC,SD0000024,Dissolved,1999-05-04,Jen Miller,9919 Maple Ave,jen.miller.5c86d47e-083c-415c-b4d6-dfc4e879a9ad@example.com
Apex Works LLC,SD0000002,Active,2017-11-23,Jen Smith,2625 Hill Ave,jen.smith.66562b08-0bed-40b1-a1d0-92a3771cb516@example.com
Apex Builders LLC,SD0000036,Inactive,2022-02-25,Dave Smith,9142 Maple Ave,dave.smith.6291687e-3d9f-4c86-9d6f-e1b64faaf497@example.com
Sunny Services LLC,SD0000052,Active,2005-02-24,Dave Miller,9669 Elm Ave,dave.miller.f655c915-caaa-436f-9927-f7d2ce1ec688@example.com
Sunny Market LLC,SD0000061,Active,2000-08-17,Ezra Taylor,1504 Hill Ave,ezra.taylor.eed58f55-8df0-4464-8959-f00a1a5cfe7b@example.com
Cedar Labs LLC,SD0000058,Active,2024-05-26,Alex Garcia,4362 Maple Ave,alex.garcia.edf4b099-49d2-47d5-9e8d-dafd9f445f9b@example.com
Metro Industries LLC,SD0000113,Active,2011-02-10,Dave Garcia,7177 Broadway Ave,dave.garcia.9a59196f-0a02-4c6e-a1ed-18d4c0437003@example.com
Sky Energy LLC,SD0000159,Dissolved,1998-01-27,Maria Wilson,8535 Hill Ave,maria.wilson.dfea6b11-61e3-4405-83b3-5a692b29d9a5@example.com
Sky Foods LLC,SD0000132,Active,2004-03-06,Jen Johnson,4115 Maple Ave,jen.johnson.bd1ff915-5fbc-4ffb-ba1b-f52ea06f3080@example.com
Quantum Farms LLC,SD0000163,Active,2016-09-05,Ezra Garcia,3658 Broadway Ave,ezra.garcia.a35b76c1-3d24-4deb-92b6-2e7662205614@example.com
Harmony Energy LLC,SD0000139,Active,2010-10-27,John Anderson,2204 Elm Ave,john.anderson.9b5a5baa-dbc3-421c-94af-42e286c0f0f4@example.com
Sunny Consulting LLC,SD0000154,Active,2018-08-21,Gian Miller,9312 Maple Ave,gian.miller.eff5807f-bcfb-4772-8aa9-fdda68f5b6d2@example.com
Silver Works LLC,SD0000110,Active,2023-10-05,Maria Garcia,7180 Broadway Ave,maria.garcia.0792fe8b-fd69-4495-8f48-c9ef74ca9960@example.com
Bright Foods LLC,SD0000162,Pending,2010-01-10,Ezra Wilson,6276 Hill Ave,ezra.wilson.4209e150-f874-43bc-ac8d-960a6d3a8370@example.com
Bright Solutions LLC,SD0000141,Active,1998-07-12,Maria Davis,9880 Hill Ave,maria.davis.b7934090-98c9-453b-b208-5d2072d73354@example.com
Rapid Services LLC,SD0000102,Active,2001-03-20,Dave Taylor,9246 Hill Ave,dave.taylor.39ebc44a-95ce-43f1-8f24-35611f6061e4@example.com
Pine Energy LLC,SD0000094,Active,1999-10-22,Sara Johnson,8701 Maple Ave,sara.johnson.e9717955-d2d0-407f-8a27-5957bfe3c180@example.com
Sky Foods LLC,SD0000142,Active,2017-06-26,Maria Garcia,5383 Elm Ave,maria.garcia.2de78f6f-233c-45bd-92fe-6e34f1de227d@example.com
Quantum Studio LLC,SD0000090,Active,2005-11-09,John Johnson,1408 Broadway Ave,john.johnson.0726e7ed-ee9c-4f85-bc09-6986a5c87cfd@example.com
Blue Logistics LLC,SD0000134,Dissolved,2019-10-09,Sara Taylor,8948 Elm Ave,sara.taylor.631b3127-32d0-4bb9-91ea-c69837b4e71e@example.com
Pine Ventures LLC,SD0000151,Active,1999-01-18,Dave Davis,4716 Elm Ave,dave.davis.0983bba6-44fc-4875-8c5b-cad22ce46eca@example.com
Prime Mart LLC,SD0000153,Active,2013-10-04,Dave Garcia,8271 Hill Ave,dave.garcia.d65614cf-bd4a-40e9-9077-d2bf8ba667e2@example.com
Metro Works LLC,SD0000104,Active,2009-01-02,John Anderson,7591 Broadway Ave,john.anderson.f0116151-8103-4e91-8683-b6322d6a32c2@example.com
Cedar Foods LLC,SD0000152,Active,2002-09-24,Maria Smith,6514 Hill Ave,maria.smith.266c80da-e947-44af-b5e8-3cfb5878f9b6@example.com
Golden Farms LLC,SD0000099,Active,2009-02-28,Ezra Anderson,4753 Broadway Ave,ezra.anderson.d6d4adb8-e68e-4d33-8628-633cae66032f@example.com
Crystal Market LLC,SD0000131,Active,2005-11-03,Maria Garcia,2124 Hill Ave,maria.garcia.27cc4e82-abac-47fb-9c76-f3bcf3368a78@example.com
Rapid Trading LLC,SD0000256,Active,2020-09-14,Ezra Anderson,8783 Hill Ave,ezra.anderson.5c3080a5-f424-4b66-88a3-b3da37378949@example.com
Pine Foods LLC,SD0000212,Active,2020-08-01,Dave Smith,7019 Maple Ave,dave.smith.fdd3ae0b-f349-481a-8b50-4fb1f15d1eab@example.com
Prime Mart LLC,SD0000254,Active,1998-05-26,Jen Johnson,8924 Hill Ave,jen.johnson.56a88e1b-f836-48d6-a502-27f0504ad669@example.com
Prime Services LLC,SD0000228,Dissolved,1997-08-28,John Taylor,140 Elm Ave,john.taylor.b9edf611-73ef-4f0a-af51-f57a859ab824@example.com
Quantum Group LLC,SD0000171,Inactive,2001-10-24,Gian Miller,261 Maple Ave,gian.miller.4f418e95-701a-4f12-b5ae-27680f3bb718@example.com
Harmony Market LLC,SD0000260,Dissolved,2013-02-26,Ezra Miller,6285 Hill Ave,ezra.miller.23b2f038-98f0-4eee-a75e-bb4dc06b064e@example.com
Pine Solutions LLC,SD0000251,Active,2000-07-06,Gian Taylor,517 Hill Ave,gian.taylor.6dcf76d2-189b-4369-81bd-8cda6360d1da@example.com
Prime Ventures LLC,SD0000244,Active,2002-10-08,Sara Wilson,3310 Maple Ave,sara.wilson.ac724714-adb3-4228-b343-af42873b6f9f@example.com
Prime Pharmacy LLC,SD0000182,Pending,2013-03-25,Maria Davis,9294 Hill Ave,maria.davis.0c0d0fea-fc4f-4392-94be-a129d7dd7663@example.com
Metro Ventures LLC,SD0000197,Active,2017-08-11,John Smith,5630 Broadway Ave,john.smith.dd9aefb3-afa6-490c-afe2-f4b6a935714d@example.com
Pine Studio LLC,SD0000195,Active,2003-04-17,Ezra Taylor,9653 Maple Ave,ezra.taylor.a8188c02-0d44-40e5-b17e-ef6e683a91e3@example.com
Crystal Ventures LLC,SD0000231,Pending,1999-12-09,Ezra Wilson,7521 Broadway Ave,ezra.wilson.ac11f8d8-f12c-4779-9197-406f02218984@example.com
Nova Trading LLC,SD0000165,Inactive,2008-10-25,John Johnson,9741 Broadway Ave,john.johnson.e8424b08-4df0-4449-9cc4-9ddb953f66ed@example.com
Sunny Market LLC,SD0000225,Active,2011-06-02,Gian Garcia,4189 Broadway Ave,gian.garcia.343f5af2-3082-4a30-b594-7c2b875e498f@example.com
Sunny Energy LLC,SD0000262,Active,2020-05-10,Alex Garcia,4933 Hill Ave,alex.garcia.06855003-c017-48fd-a6ff-6b9aa6f48552@example.com
Ocean Group LLC,SD0000166,Active,1996-07-15,Sara Garcia,8265 Elm Ave,sara.garcia.0950316d-0984-4c1d-9e5a-9b292349fcb8@example.com
Ocean Logistics LLC,SD0000210,Active,2018-05-23,Gian Smith,1536 Hill Ave,gian.smith.e1ff764a-9a05-4b46-9cc1-d1ad120a0a6d@example.com
Silver Energy LLC,SD0000281,Active,2015-05-25,John Smith,800 Broadway Ave,john.smith.466d7aff-123f-4eb5-858e-e8fbb38d75a2@example.com
Golden Pharmacy LLC,SD0000238,Active,2009-01-06,Sara Anderson,7000 Maple Ave,sara.anderson.ac260aad-7981-4d9d-a192-4fe827ababe1@example.com
Rapid Services LLC,SD0000177,Active,1995-04-17,Dave Taylor,267 Broadway Ave,dave.taylor.f0832a63-16e4-4f10-a0e8-813b9a175921@example.com
Bright Tech LLC,SD0000309,Active,2009-04-21,Ezra Johnson,6332 Elm Ave,ezra.johnson.3234c9d9-8393-4d4b-9a15-886ba1120ea1@example.com
Bright Works LLC,SD0000333,Active,2016-03-20,Gian Smith,8690 Hill Ave,gian.smith.d5872d4b-d751-4df1-8ce4-9e88a69b8a46@example.com
Crystal Energy LLC,SD0000336,Active,2015-10-09,Gian Miller,6521 Maple Ave,gian.miller.01b6d1f5-3e2d-4e2b-9295-6f003f4db596@example.com
Ocean Holdings LLC,SD0000338,Active,2007-06-26,Sara Johnson,2391 Hill Ave,sara.johnson.c0599e5d-7255-4fd3-8805-d4eb2e09a2e9@example.com
Quantum Builders LLC,SD0000291,Active,2024-03-17,John Taylor,5263 Maple Ave,john.taylor.145edb54-89aa-4735-90af-4db218e12e53@example.com
River Industries LLC,SD0000363,Active,2010-08-10,Alex Smith,8991 Elm Ave,alex.smith.a6fc482c-0bd7-4ed5-8439-d6e34a6f8742@example.com
Blue Holdings LLC,SD0000341,Pending,2019-07-12,Sara Johnson,1487 Elm Ave,sara.johnson.06e722e9-2c83-4487-b603-46b8d4fe6258@example.com
Cedar Mart LLC,SD0000314,Active,2024-08-13,Maria Davis,2244 Hill Ave,maria.davis.6a24a78d-f0ea-48bf-9199-1f596216ce60@example.com
Pine Solutions LLC,SD0000292,Active,2012-11-13,Dave Taylor,9398 Hill Ave,dave.taylor.bc76c4e8-b79c-4346-9cea-4f988fa38804@example.com
Bright Services LLC,SD0000362,Active,2006-07-09,Sara Garcia,5644 Elm Ave,sara.garcia.82b391fe-b32e-4a9c-aedb-3abe5a522d66@example.com
River Tech LLC,SD0000298,Active,2008-10-16,Maria Johnson,6357 Elm Ave,maria.johnson.f434365e-6dce-41f5-9738-7e00e345995c@example.com
Pine Tech LLC,SD0000350,Active,2007-10-04,Maria Miller,3895 Elm Ave,maria.miller.47dc800c-9f75-4d78-a406-8e748f94f064@example.com
Blue Tech LLC,SD0000285,Dissolved,2021-10-22,John Johnson,4202 Maple Ave,john.johnson.a879b7ce-e4d5-47e3-a4b9-3e2374cf74c5@example.com
Summit Studio LLC,SD0000339,Active,2002-06-03,Jen Smith,2881 Hill Ave,jen.smith.5940955b-bc57-4ce4-8780-788e64d4f62d@example.com
Crystal Labs LLC,SD0000290,Active,2015-06-01,Ezra Davis,7905 Elm Ave,ezra.davis.422ac5da-f7bf-4393-bc12-0b9cf6603b9d@example.com
Bright Industries LLC,SD0000316,Active,2018-12-24,Maria Garcia,3024 Maple Ave,maria.garcia.73ab2d25-1638-449a-87b3-2216f41ab84e@example.com
Silver Holdings LLC,SD0000311,Active,2001-11-21,Alex Anderson,1191 Maple Ave,alex.anderson.486f370f-b041-4358-98d2-a3e5d0f9dbc2@example.com
Bright Mart LLC,SD0000310,Dissolved,2021-06-17,Jen Davis,5258 Broadway Ave,jen.davis.ee7e4267-8c15-4f3c-b4a3-0e0d6ea4b43a@example.com
River Industries LLC,SD0000359,Active,2007-09-25,Maria Johnson,6397 Elm Ave,maria.johnson.8f782d33-a888-426b-ac0a-2fc3fbf24726@example.com
Sky Trading LLC,SD0000343,Active,2005-02-26,Dave Anderson,9236 Hill Ave,dave.anderson.b696c6ff-dcf9-4032-bcac-591b572fd23b@example.com
Golden Mart LLC,SD0000380,Dissolved,2025-09-04,Alex Davis,8631 Maple Ave,alex.davis.a916f2fd-440f-4558-b76c-87463e912a04@example.com
Blue Group LLC,SD0000453,Active,2014-11-27,John Johnson,9917 Maple Ave,john.johnson.0b774d7d-3954-4a53-8a94-9c020135aafd@example.com
Ocean Farms LLC,SD0000425,Active,2024-01-22,Sara Johnson,8539 Elm Ave,sara.johnson.98901323-4cbb-4771-9e4b-8fb473fccf0d@example.com
Pine Market LLC,SD0000391,Active,2008-07-12,Gian Smith,5004 Maple Ave,gian.smith.11532424-293d-4fbf-930d-44961ecadc27@example.com
Bright Tech LLC,SD0000397,Active,2011-05-11,Sara Wilson,5775 Elm Ave,sara.wilson.0e9eb412-3baf-407c-b77a-8191f90af657@example.com
Harmony Consulting LLC,SD0000386,Active,2020-08-06,Jen Smith,9451 Hill Ave,jen.smith.9967729d-777c-4bec-9513-ef01c915bdf7@example.com
Quantum Foods LLC,SD0000429,Active,2000-12-20,Gian Davis,8750 Broadway Ave,gian.davis.f543a1a6-046f-4b0b-806c-8fcda495cd18@example.com
Blue Logistics LLC,SD0000452,Active,2011-02-22,Jen Miller,3173 Broadway Ave,jen.miller.8dbef417-b21f-4fc7-ab95-1dcec4f9035f@example.com
River Ventures LLC,SD0000420,Active,2010-03-21,Dave Anderson,927 Elm Ave,dave.anderson.bded7a95-0d65-4542-bb11-f32265d6924b@example.com
Prime Industries LLC,SD0000460,Pending,2016-04-10,Dave Johnson,7185 Maple Ave,dave.johnson.18634491-ed4a-48d0-83bb-eab0b8bab7ce@example.com
Harmony Pharmacy LLC,SD0000421,Active,2016-06-26,Jen Smith,5566 Hill Ave,jen.smith.c541bca3-05fc-4105-abbc-40d49d23c324@example.com
Harmony Works LLC,SD0000416,Active,2017-10-26,Jen Wilson,2135 Hill Ave,jen.wilson.5d3f9b80-fc23-4a38-bf48-f1ac94678333@example.com
Green Energy LLC,SD0000438,Active,2012-06-04,Ezra Anderson,5222 Hill Ave,ezra.anderson.87aae8fd-eb27-428c-a6ed-c986d42b7799@example.com
Rapid Consulting LLC,SD0000402,Active,1995-10-20,Alex Davis,437 Elm Ave,alex.davis.b8956205-08c0-48ac-ba10-afbbb706d432@example.com
Crystal Industries LLC,SD0000415,Active,1999-02-23,Alex Davis,963 Broadway Ave,alex.davis.633278f6-0763-493f-8fe0-4b052f819105@example.com
Nova Services LLC,SD0000404,Active,1995-05-14,John Garcia,7207 Hill Ave,john.garcia.0a3637bd-7e1e-437c-9b50-581ebf8668c9@example.com
Sunny Holdings LLC,SD0000455,Active,1996-07-13,Jen Garcia,7228 Broadway Ave,jen.garcia.e751c3f4-7ba2-4c26-b0fa-c328e71a5179@example.com
Rapid Builders LLC,SD0000440,Active,1995-03-24,John Garcia,6823 Hill Ave,john.garcia.86b299b7-5e05-442a-b23d-a158f60b9cf7@example.com
Green Energy LLC,SD0000413,Active,1996-11-19,Sara Johnson,6841 Maple Ave,sara.johnson.d62bc410-55eb-450d-a19a-a53daeaf122c@example.com
Pine Logistics LLC,SD0000401,Active,2021-03-24,Ezra Miller,7268 Elm Ave,ezra.miller.101159b4-e9b6-40d3-af46-39eb7d0eb04c@example.com
Golden Mart LLC,SD0000508,Active,2020-02-20,Maria Wilson,489 Broadway Ave,maria.wilson.b88fcae6-31a3-4fc2-a2dc-63d9a018941d@example.com
Bright Mart LLC,SD0000491,Dissolved,2007-08-25,Maria Smith,8958 Elm Ave,maria.smith.ffb3b445-ced0-4b02-9d2c-45376a4fe833@example.com
Rapid Market LLC,SD0000497,Active,2004-08-28,John Smith,6718 Elm Ave,john.smith.6c618dda-78b5-4bce-bee2-4053adcc6d5c@example.com
Golden Mart LLC,SD0000523,Active,1995-09-11,Ezra Miller,344 Hill Ave,ezra.miller.336e5e8e-7986-41b1-ae54-d3f5476584f1@example.com
Green Ventures LLC,SD0000532,Active,2023-02-11,Gian Johnson,6512 Maple Ave,gian.johnson.c5471922-2e8c-4127-9400-7bc8a1c8c3a3@example.com
Quantum Labs LLC,SD0000514,Active,2007-07-23,Gian Davis,5558 Maple Ave,gian.davis.7211b5cf-3878-4e38-8606-f0b135e161bc@example.com
River Services LLC,SD0000500,Active,2003-08-03,Ezra Miller,7809 Broadway Ave,ezra.miller.a895fddd-7121-4824-875c-efce81956749@example.com
Blue Ventures LLC,SD0000467,Active,2000-02-23,Maria Davis,2354 Elm Ave,maria.davis.38c06f7d-9fd2-4577-b478-aef5b541fc42@example.com
Pine Market LLC,SD0000540,Active,2002-09-23,Gian Taylor,7847 Maple Ave,gian.taylor.fa6c81fb-7556-4769-8ad9-73bc0027f48a@example.com
Metro Works LLC,SD0000501,Inactive,2000-10-02,Maria Wilson,2685 Broadway Ave,maria.wilson.a70a3472-f636-4f9f-94ec-2dceb8735aa5@example.com
Pine Farms LLC,SD0000522,Active,2006-07-12,Alex Miller,9718 Broadway Ave,alex.miller.0b636de7-c39d-430e-96af-7ae31b9911f9@example.com
Sunny Builders LLC,SD0000475,Inactive,2009-07-06,Maria Garcia,9481 Maple Ave,maria.garcia.70210e21-643d-40ba-9d4f-a4db6491fb60@example.com
Metro Mart LLC,SD0000536,Active,2023-10-02,Ezra Miller,5955 Broadway Ave,ezra.miller.08ce3857-f2ae-4953-8bb1-4b2183e20ed8@example.com
Quantum Pharmacy LLC,SD0000465,Pending,2013-09-05,Maria Wilson,1045 Broadway Ave,maria.wilson.1a7bea73-bfbf-4045-9389-3c44b89e4814@example.com
Apex Trading LLC,SD0000533,Active,2021-10-25,Alex Johnson,5144 Elm Ave,alex.johnson.cefc6e6d-b010-4962-bb92-e0b2f68ebc50@example.com
Pine Studio LLC,SD0000538,Active,1997-08-16,John Garcia,4285 Broadway Ave,john.garcia.0d39fe50-01a6-43ee-9a10-79b6e154a6ab@example.com
Pine Group LLC,SD0000495,Dissolved,2006-07-05,Gian Smith,4673 Elm Ave,gian.smith.1e19815c-5a79-4eb7-b192-1fb07c5059ff@example.com
Rapid Industries LLC,SD0000493,Active,2007-10-27,John Wilson,911 Maple Ave,john.wilson.59909481-d6ea-4e05-9445-c1fa53923d06@example.com
Rapid Ventures LLC,SD0000463,Active,2024-10-02,Maria Smith,5045 Broadway Ave,maria.smith.17ef1cce-7fbe-45ea-b697-4290795b3c7c@example.com
Summit Farms LLC,SD0000515,Active,2008-12-16,Ezra Wilson,7805 Hill Ave,ezra.wilson.21498b2c-8f07-4ace-a992-aec0bfff7cc2@example.com
Cedar Farms LLC,SD0000595,Active,2008-06-09,Alex Davis,9791 Maple Ave,alex.davis.cadb509e-241e-4bee-bd0f-8a6cb88a7eaf@example.com
River Energy LLC,SD0000608,Inactive,2002-01-09,Gian Smith,6430 Maple Ave,gian.smith.b47b56b0-6e4e-4473-ba33-87e7b865ad91@example.com
Crystal Studio LLC,SD0000558,Active,2005-08-22,John Miller,7681 Hill Ave,john.miller.398d511f-9e1d-45d8-a451-842e7b0cb5ed@example.com
Green Works LLC,SD0000560,Active,2008-02-15,John Smith,1876 Hill Ave,john.smith.f0a9221a-792d-4465-b470-3d74da06e45a@example.com
Bright Market LLC,SD0000600,Active,2007-12-04,Ezra Davis,8280 Elm Ave,ezra.davis.153d7a1b-ab9f-496f-8cad-408384d72426@example.com
Prime Consulting LLC,SD0000621,Active,2003-02-01,Gian Davis,5008 Hill Ave,gian.davis.a446dea7-a112-4d96-90b3-4e098697b12f@example.com
Silver Foods LLC,SD0000582,Active,2013-12-01,Alex Wilson,4912 Elm Ave,alex.wilson.6fa878b4-812d-4d20-b114-7bef00c02293@example.com
Metro Holdings LLC,SD0000543,Active,2011-07-25,Alex Davis,3131 Elm Ave,alex.davis.b4951619-c057-4aa6-abe7-eb454066ac78@example.com
Apex Ventures LLC,SD0000553,Inactive,1995-05-22,John Wilson,2529 Broadway Ave,john.wilson.b6732807-4a12-4d41-994e-ca18e466ccb0@example.com
Ocean Industries LLC,SD0000633,Active,2013-03-10,Gian Davis,6877 Hill Ave,gian.davis.b411eece-1cdf-4077-86ba-c1a23f824abe@example.com
Quantum Pharmacy LLC,SD0000612,Inactive,1996-08-02,John Smith,9172 Broadway Ave,john.smith.38dddfc0-229f-41e9-a36d-6f965728d5a4@example.com
Silver Ventures LLC,SD0000551,Active,2017-09-16,Maria Johnson,5737 Broadway Ave,maria.johnson.3966f079-5660-421c-9a89-5b19b94a0fd7@example.com
Nova Holdings LLC,SD0000562,Active,2014-05-28,Sara Anderson,1921 Broadway Ave,sara.anderson.2b3d47a4-3104-4116-97dd-f64e574f8450@example.com
Nova Consulting LLC,SD0000617,Active,2016-08-23,Gian Miller,6869 Elm Ave,gian.miller.b4c5456d-b772-43d2-8919-f3c4274179c2@example.com
Bright Labs LLC,SD0000607,Dissolved,2015-11-21,Ezra Miller,2004 Hill Ave,ezra.miller.7fa4940c-9b57-4375-8c99-c078b9bc8b88@example.com
Rapid Works LLC,SD0000573,Active,2024-08-26,John Smith,8321 Broadway Ave,john.smith.03fe09c7-4154-4719-9649-4771945a1bd5@example.com
Metro Solutions LLC,SD0000627,Active,1997-05-15,Dave Wilson,6991 Hill Ave,dave.wilson.738b6759-db59-451a-bb63-d6f7c11d9253@example.com
Prime Tech LLC,SD0000599,Dissolved,2010-05-20,Alex Miller,755 Maple Ave,alex.miller.de378593-a532-4634-a280-f65f208dcbe8@example.com
Pine Logistics LLC,SD0000609,Pending,2002-12-14,Maria Wilson,5102 Broadway Ave,maria.wilson.e8d720f1-3a6b-47a2-8100-0dfc2fd135cb@example.com
Golden Logistics LLC,SD0000584,Active,1999-08-07,Ezra Anderson,4330 Hill Ave,ezra.anderson.23c8a2c3-1fd5-44cd-af81-795637b632bb@example.com
Cedar Ventures LLC,SD0000714,Active,2002-10-05,John Miller,4062 Hill Ave,john.miller.12fb5546-69b8-407a-b41c-f714040d836f@example.com
Ocean Tech LLC,SD0000643,Active,2016-12-15,Alex Anderson,628 Broadway Ave,alex.anderson.0561a87c-2ba4-45a7-8c2d-c161868291f0@example.com
Blue Trading LLC,SD0000689,Active,2010-11-22,Jen Johnson,9723 Maple Ave,jen.johnson.a6c37f87-6f1c-485b-8c9c-f33774a40e8c@example.com
Golden Works LLC,SD0000691,Active,2001-11-04,Sara Taylor,5159 Broadway Ave,sara.taylor.033877d3-f381-430b-a0b7-b95239c9c4a7@example.com
Metro Trading LLC,SD0000708,Active,2018-03-13,Ezra Taylor,3246 Broadway Ave,ezra.taylor.64f8bfc6-1abe-4d4e-bd8f-747e61a55978@example.com
River Ventures LLC,SD0000704,Active,2014-04-27,Alex Smith,9961 Hill Ave,alex.smith.6632be8f-d786-4d50-8d1f-6dde3d31f69f@example.com
Cedar Works LLC,SD0000682,Active,2022-12-19,Jen Anderson,973 Elm Ave,jen.anderson.f6e56850-a928-4e48-b327-52393719349b@example.com
Metro Works LLC,SD0000637,Active,2022-07-13,Ezra Taylor,1136 Hill Ave,ezra.taylor.f4430a49-1266-424d-8b78-8c5867b7ef1e@example.com
Crystal Farms LLC,SD0000697,Pending,2002-02-09,Ezra Johnson,5406 Broadway Ave,ezra.johnson.aa310550-8644-493c-83b0-265610416c79@example.com
Summit Ventures LLC,SD0000651,Active,2020-10-06,Ezra Garcia,5450 Maple Ave,ezra.garcia.381d2e8b-83be-4b06-9c34-688844c66af9@example.com
Nova Ventures LLC,SD0000715,Active,2011-10-06,Alex Johnson,2177 Hill Ave,alex.johnson.92fa0e13-b8a3-45f1-9d59-a1c9f69fee1f@example.com
Nova Mart LLC,SD0000707,Dissolved,2023-10-28,Sara Taylor,5392 Elm Ave,sara.taylor.3b8ae265-30fa-4718-8191-5de384813d72@example.com
River Studio LLC,SD0000642,Pending,1997-02-17,Maria Miller,3407 Broadway Ave,maria.miller.76c998c1-ea88-4b79-a675-c291403164f1@example.com
Quantum Market LLC,SD0000665,Active,2001-07-06,Ezra Miller,6753 Broadway Ave,ezra.miller.6d541e3c-0f13-45a1-93ed-46a526ea1064@example.com
Green Solutions LLC,SD0000670,Active,2020-01-04,Ezra Miller,7971 Hill Ave,ezra.miller.4abfc8ca-5ee0-4a2f-bed3-f81e77110e1f@example.com
Green Group LLC,SD0000647,Active,2007-04-08,John Smith,6918 Broadway Ave,john.smith.a975077b-fbe2-4722-b534-d44df75c6918@example.com
Nova Labs LLC,SD0000721,Active,2012-10-11,Maria Smith,2104 Maple Ave,maria.smith.a341a6f8-7162-4f64-acc1-ded11bc9a26a@example.com
Pine Ventures LLC,SD0000652,Active,2014-10-15,Sara Davis,357 Broadway Ave,sara.davis.38eab498-58e3-4933-bd8f-e10d26bdb8de@example.com
Rapid Works LLC,SD0000675,Active,2020-02-10,John Taylor,8868 Maple Ave,john.taylor.4fb2cd0c-0380-42d6-b20d-b60050b3e674@example.com
Quantum Pharmacy LLC,SD0000650,Active,2009-04-03,John Davis,6745 Elm Ave,john.davis.5ac9db31-97a0-4a5f-ac00-1407c6a2eb8a@example.com
Rapid Labs LLC,SD0000752,Inactive,1997-12-08,Gian Taylor,2159 Elm Ave,gian.taylor.97d02e40-84e9-4009-be3f-817d5fa28a21@example.com
Harmony Ventures LLC,SD0000750,Active,1997-05-01,Alex Wilson,6410 Elm Ave,alex.wilson.b75f94b2-9f36-411e-bd39-f4923dee8508@example.com
Bright Solutions LLC,SD0000734,Active,1996-02-18,Maria Smith,3685 Broadway Ave,maria.smith.3adb37ad-42d4-4007-b88f-e4dae7e9413a@example.com
Ocean Market LLC,SD0000765,Active,2018-04-14,Alex Wilson,3446 Maple Ave,alex.wilson.4e37a3c1-febd-4988-aee3-417c28c47210@example.com
Rapid Mart LLC,SD0000754,Active,2009-06-06,Jen Wilson,5799 Broadway Ave,jen.wilson.33b07e96-2f0c-4608-86db-ece29d4a5a3a@example.com
Cedar Energy LLC,SD0000736,Active,1998-06-03,Maria Anderson,8701 Elm Ave,maria.anderson.2b08ed15-91be-402d-978c-0738a9d9464e@example.com
Cedar Group LLC,SD0000768,Pending,2020-02-03,Dave Johnson,7286 Broadway Ave,dave.johnson.6ce8d79e-2c5b-4fb6-9ff7-7d04420ebf97@example.com
Blue Studio LLC,SD0000774,Active,2013-03-01,Sara Garcia,7443 Elm Ave,sara.garcia.e1dc1a8e-162d-42d7-bb6b-7966d3b64427@example.com
Sunny Studio LLC,SD0000787,Active,2000-10-11,Jen Smith,9443 Broadway Ave,jen.smith.46395395-858b-42e3-beea-bc681f9e22d5@example.com
Golden Builders LLC,SD0000731,Active,2009-11-13,Sara Johnson,6201 Hill Ave,sara.johnson.89c09115-c342-4da6-9595-d84e603a780e@example.com
Sky Works LLC,SD0000723,Active,2003-12-05,Alex Anderson,8120 Broadway Ave,alex.anderson.5c6995c7-33ac-4e30-84de-cff4b7eb066a@example.com
Golden Services LLC,SD0000744,Active,2021-07-05,Jen Taylor,6752 Elm Ave,jen.taylor.d08f0f70-83b4-445f-85bc-d40a9fcd9071@example.com
Sunny Builders LLC,SD0000739,Active,1999-03-25,Dave Anderson,7895 Hill Ave,dave.anderson.f888fcea-88dc-4397-9aa5-68d65b5f0f73@example.com
Pine Pharmacy LLC,SD0000764,Active,2009-03-16,Jen Smith,7391 Maple Ave,jen.smith.62197a08-de72-4447-bdc5-46c00c98e9fa@example.com
Blue Trading LLC,SD0000732,Active,2015-01-05,Maria Smith,163 Broadway Ave,maria.smith.50710ab4-d1d1-48a8-af93-3b7f812f95b8@example.com
Bright Pharmacy LLC,SD0000733,Active,2010-10-15,Dave Garcia,4004 Broadway Ave,dave.garcia.c447bf78-3e8c-4d0d-9031-a657ad8a523c@example.com
Bright Trading LLC,SD0000749,Active,1995-05-07,Jen Johnson,9350 Broadway Ave,jen.johnson.76cff017-103a-4670-8ff6-7d2dba3914e6@example.com
Harmony Trading LLC,SD0000776,Active,2014-02-04,Maria Johnson,1277 Hill Ave,maria.johnson.2522777f-185f-45ac-b666-0b0cda0807f8@example.com
Crystal Services LLC,SD0000773,Active,1999-09-04,Gian Davis,1537 Broadway Ave,gian.davis.36beb55d-919f-4d19-a51c-b02dd7b61ad6@example.com
Apex Industries LLC,SD0000757,Active,1998-05-13,John Davis,6370 Hill Ave,john.davis.7c14a740-d7de-4dba-8391-3f8c966d159c@example.com
Golden Holdings LLC,SD0000804,Active,2010-10-01,John Smith,294 Elm Ave,john.smith.457ba2d9-2a7c-4b06-98fb-bd2123811ba2@example.com
Metro Industries LLC,SD0000791,Dissolved,2022-01-09,Jen Johnson,4330 Elm Ave,jen.johnson.4a904b40-257f-45cd-bcc6-1860a40a6ef3@example.com
Apex Trading LLC,SD0000828,Active,2016-08-11,Maria Anderson,6892 Broadway Ave,maria.anderson.2aa19a4f-1ed3-403b-af04-917e7baadef1@example.com
Prime Energy LLC,SD0000856,Active,1999-10-01,Gian Wilson,3530 Hill Ave,gian.wilson.83ce95ee-eab3-4e76-9ead-0e6b119c656c@example.com
Harmony Group LLC,SD0000837,Active,1997-07-20,Maria Miller,693 Broadway Ave,maria.miller.a850b835-efae-429c-b8bb-d9378607ab8b@example.com
Cedar Services LLC,SD0000813,Active,2006-04-26,John Miller,4958 Elm Ave,john.miller.8fd283b8-9e7c-4817-beb5-fdd88c1f8188@example.com
Sky Pharmacy LLC,SD0000799,Active,2006-02-02,Jen Davis,6607 Maple Ave,jen.davis.8cd8a6fd-771a-4fa5-8e2e-4294cd028e71@example.com
Blue Ventures LLC,SD0000869,Active,2004-10-14,Dave Miller,1805 Broadway Ave,dave.miller.943febe3-5608-4edb-8950-f2dc25284435@example.com
Silver Energy LLC,SD0000790,Active,1996-01-05,Alex Garcia,1452 Maple Ave,alex.garcia.d4b3ea33-dd43-4a43-8494-1684631c404d@example.com
Apex Logistics LLC,SD0000801,Active,2023-10-23,John Davis,4405 Hill Ave,john.davis.05f00771-9895-4a65-ad87-3b3284e2b443@example.com
Prime Pharmacy LLC,SD0000803,Active,2005-08-05,Gian Smith,2918 Elm Ave,gian.smith.99e08e5f-0927-4bef-be6b-7d11d8bbb6b0@example.com
Golden Market LLC,SD0000831,Active,2016-02-07,Gian Anderson,9320 Broadway Ave,gian.anderson.6ba11187-dc22-4b36-a743-3e7147567943@example.com
Blue Services LLC,SD0000841,Active,1999-08-06,Gian Davis,4800 Maple Ave,gian.davis.4e4571b5-3fbb-4f46-b693-e7cf32c693f1@example.com
Harmony Farms LLC,SD0000824,Active,1996-11-21,Maria Taylor,7519 Elm Ave,maria.taylor.f22ec9af-ca85-4bf2-a0e5-b1224411c7de@example.com
Blue Labs LLC,SD0000851,Active,2025-06-16,John Miller,9044 Elm Ave,john.miller.32a7b49e-cd6b-4e1b-8cf4-25b5aade028c@example.com
Quantum Foods LLC,SD0000821,Active,2010-03-27,Dave Johnson,7093 Maple Ave,dave.johnson.66bd9cba-056f-4b2a-b7e9-01e73c4fa8de@example.com
Metro Industries LLC,SD0000854,Active,2006-02-03,Alex Davis,5347 Elm Ave,alex.davis.09d4b8e5-415a-4ce3-a46e-20af6f497a19@example.com
Sunny Group LLC,SD0000868,Dissolved,2016-05-05,Sara Smith,8854 Maple Ave,sara.smith.20e087f7-574f-4c0e-a0a1-50e5587989f2@example.com
Nova Industries LLC,SD0000872,Dissolved,2015-01-08,Alex Davis,4356 Hill Ave,alex.davis.ddbc6307-3345-4b9c-ab9d-d8d335411626@example.com
Crystal Farms LLC,SD0000833,Active,1999-09-10,Alex Smith,9864 Elm Ave,alex.smith.c9f33f6c-e04a-4546-96b1-0074e66f71c2@example.com
Sunny Foods LLC,SD0000903,Inactive,2024-08-20,Dave Johnson,635 Elm Ave,dave.johnson.7cd5df65-32e4-4132-93a7-3c39e740e0b0@example.com
Sunny Group LLC,SD0000953,Active,2006-08-15,Alex Wilson,548 Hill Ave,alex.wilson.d5e96da7-d401-437c-8aa0-2c4f4e3d46de@example.com
River Solutions LLC,SD0000900,Active,2008-11-12,Dave Wilson,6958 Maple Ave,dave.wilson.773cb6b6-3ec3-4c52-96bc-a26b1952a424@example.com
Apex Consulting LLC,SD0000897,Dissolved,2014-03-05,Gian Johnson,865 Maple Ave,gian.johnson.57ceeb6e-b08c-46a7-a73b-1a9da01ca7bc@example.com
Green Trading LLC,SD0000967,Active,2003-09-12,Dave Garcia,1222 Elm Ave,dave.garcia.34863e4f-56d6-40f6-aa0c-ae07935714f2@example.com
Cedar Mart LLC,SD0000882,Active,2019-12-08,Ezra Anderson,2159 Elm Ave,ezra.anderson.6af2d5ef-fd1d-417d-a387-fde3c8af5b9a@example.com
Golden Logistics LLC,SD0000883,Active,2017-12-14,John Anderson,3193 Elm Ave,john.anderson.09579feb-2b51-4994-b5db-0f6e41572519@example.com
Ocean Services LLC,SD0000886,Active,2002-08-12,Jen Wilson,2365 Broadway Ave,jen.wilson.9e0061bb-0337-456f-a0cc-1edeffdd1af4@example.com
Sunny Market LLC,SD0000896,Active,2011-10-21,Dave Davis,2764 Broadway Ave,dave.davis.61971fe1-1f60-4224-ab7c-f64ab3573d0b@example.com
Quantum Ventures LLC,SD0000971,Inactive,1996-09-12,Sara Wilson,8837 Hill Ave,sara.wilson.7709666b-7eda-4965-8c2a-5e727774109b@example.com
Golden Builders LLC,SD0000926,Active,2024-12-19,Ezra Smith,7624 Elm Ave,ezra.smith.4fe3aa56-eaa4-4d4a-896e-cde89eaf2b24@example.com
Apex Holdings LLC,SD0000929,Active,1999-12-05,Gian Taylor,4009 Hill Ave,gian.taylor.c97e4c30-fd5b-496c-ba3d-1f08fccd830b@example.com
Silver Labs LLC,SD0000957,Active,1998-09-19,Jen Smith,9540 Hill Ave,jen.smith.7eb81d93-d5c2-4fd2-9ef4-8b3d702dbd17@example.com
Silver Pharmacy LLC,SD0000954,Active,2025-09-28,Alex Davis,4205 Maple Ave,alex.davis.c072894f-c418-4c77-8dbe-37a9eb759a8b@example.com
Summit Consulting LLC,SD0000973,Active,2008-05-15,John Garcia,9434 Elm Ave,john.garcia.3377cb30-38df-4afe-a907-558d6d4967cd@example.com
Harmony Farms LLC,SD0000916,Active,2000-05-20,Maria Wilson,891 Broadway Ave,maria.wilson.4c637b1c-cd19-4658-bfe9-d7d68eaff072@example.com
Quantum Group LLC,SD0000938,Active,2001-04-04,Ezra Anderson,5777 Maple Ave,ezra.anderson.fc3932c8-9c1c-4410-b4f4-5ea8e0b57ff4@example.com
Blue Builders LLC,SD0000969,Inactive,2017-12-24,Alex Garcia,5273 Hill Ave,alex.garcia.3a4fc6eb-ae98-47bd-a801-cc1992235278@example.com
Pine Studio LLC,SD0000884,Active,2009-04-04,Ezra Miller,7047 Broadway Ave,ezra.miller.7d014bfb-50c3-49f0-b0ef-88e19394e8ea@example.com
Metro Industries LLC,SD0000880,Active,2011-04-12,Alex Miller,2654 Elm Ave,alex.miller.0575f147-c6e6-44f4-b2b0-0590269563ac@example.com
Green Trading LLC,SD0001041,Active,2012-01-20,Sara Garcia,1710 Maple Ave,sara.garcia.97554fcd-86af-44a8-8641-0b723582b427@example.com
Apex Holdings LLC,SD0000982,Active,1999-03-23,Alex Miller,6099 Hill Ave,alex.miller.4b9c7936-ad61-4b31-8f7c-00df24c087bd@example.com
Rapid Ventures LLC,SD0001048,Active,2009-05-27,Alex Wilson,9048 Maple Ave,alex.wilson.c1a6e8b5-82ff-4c1e-b563-7e587039da3e@example.com
Apex Works LLC,SD0001002,Active,2018-10-20,Ezra Anderson,938 Broadway Ave,ezra.anderson.82da708c-20ea-4633-994b-2f7d60a4f842@example.com
Cedar Tech LLC,SD0000997,Active,2012-11-10,Sara Anderson,2308 Maple Ave,sara.anderson.4031310b-8819-4b80-b6df-8b58e21062fd@example.com
Ocean Solutions LLC,SD0001016,Active,2009-08-19,Sara Taylor,9168 Broadway Ave,sara.taylor.95f1e124-1c72-48f1-99ba-299e060408a4@example.com
Blue Farms LLC,SD0001042,Active,2021-07-25,John Smith,7815 Hill Ave,john.smith.aed0a0d3-c76a-4fb6-8cac-bc28110ccd32@example.com
Cedar Holdings LLC,SD0000976,Active,2014-01-25,John Wilson,5176 Maple Ave,john.wilson.4723d00d-4efb-4224-b1c7-55d4ff3503b6@example.com
River Solutions LLC,SD0000980,Dissolved,1995-01-13,Gian Wilson,5088 Broadway Ave,gian.wilson.4020595f-86ed-46cd-890d-fd6b86d60593@example.com
Sunny Services LLC,SD0001053,Active,1999-08-04,Dave Anderson,7823 Maple Ave,dave.anderson.7d10c800-5f13-40ba-9051-b6b776ccdcc3@example.com
Blue Builders LLC,SD0000990,Inactive,2002-03-13,Dave Wilson,3086 Hill Ave,dave.wilson.e5e6da20-643e-494d-95fe-7dd171171e78@example.com
Harmony Trading LLC,SD0001005,Active,2019-04-12,Gian Taylor,7558 Broadway Ave,gian.taylor.f39fb112-aa56-47bf-8e02-29287c6b3810@example.com
Prime Consulting LLC,SD0000979,Dissolved,2018-10-12,Alex Johnson,8315 Elm Ave,alex.johnson.ffd5c57c-729a-416c-9168-fbb52e652b50@example.com
Sky Tech LLC,SD0001023,Active,2004-01-26,Alex Taylor,2988 Maple Ave,alex.taylor.ad5b7095-0dfc-4566-87a9-2c2b83b32162@example.com
Metro Market LLC,SD0001019,Active,1997-10-03,Alex Garcia,2979 Broadway Ave,alex.garcia.e9d26fd9-19f9-42be-a0f1-240f78bc99a7@example.com
Quantum Studio LLC,SD0001006,Active,2000-01-21,Ezra Smith,7491 Elm Ave,ezra.smith.0c1b66d3-bdf0-4e82-af25-91b50bc83c14@example.com
Rapid Services LLC,SD0000988,Active,2017-07-10,Jen Garcia,4943 Elm Ave,jen.garcia.57e9359a-3031-4797-8f58-7242f8e0f2ea@example.com
Harmony Works LLC,SD0000995,Inactive,2006-09-08,John Garcia,3717 Maple Ave,john.garcia.4d5fd347-fc37-4946-96c7-1b243476116a@example.com
Prime Pharmacy LLC,SD0001010,Active,2013-05-17,Ezra Johnson,3264 Broadway Ave,ezra.johnson.58337251-33ee-4bf9-8373-0a58c91ab596@example.com
Cedar Mart LLC,SD0001025,Active,2000-10-17,Alex Garcia,5537 Hill Ave,alex.garcia.1682bcf9-e892-470d-8208-f8cf658c4c93@example.com
Harmony Ventures LLC,SD0001076,Active,2023-02-13,Dave Taylor,9882 Elm Ave,dave.taylor.8fcd52cb-ca4b-49b5-90f4-d93f9f99aab1@example.com
Rapid Group LLC,SD0001114,Active,2006-12-14,John Anderson,7770 Broadway Ave,john.anderson.e22af251-6e26-44fa-8c85-ff182cbe5e75@example.com
River Holdings LLC,SD0001096,Active,2018-04-15,Dave Johnson,2521 Maple Ave,dave.johnson.0a3ef7f0-e1a4-405f-a4c4-c0d8310eb53f@example.com
Silver Industries LLC,SD0001117,Active,1999-05-05,Sara Smith,1857 Elm Ave,sara.smith.45ccbb36-37a6-4cbc-8b96-cad823750a4d@example.com
Golden Logistics LLC,SD0001061,Active,2018-06-28,Gian Johnson,2008 Broadway Ave,gian.johnson.c461b4a1-2f07-444d-80e3-371df8154e38@example.com
Harmony Works LLC,SD0001118,Active,2020-03-11,Alex Taylor,7846 Hill Ave,alex.taylor.cae2614f-1fcc-4572-b0c9-224f3c0fd3c0@example.com
River Builders LLC,SD0001105,Active,2004-04-25,John Davis,395 Broadway Ave,john.davis.d6857805-8274-45e8-bf20-fcaa5b70eaaf@example.com
Rapid Consulting LLC,SD0001062,Active,2017-02-01,Sara Johnson,6348 Elm Ave,sara.johnson.89fd706b-aa1f-42de-acfc-4ca416f80d11@example.com
Nova Works LLC,SD0001092,Active,2001-03-28,Ezra Wilson,7511 Hill Ave,ezra.wilson.3d65e6b9-97c9-4986-b7e2-a5edeefcf7a3@example.com
Pine Energy LLC,SD0001108,Active,2010-07-25,Dave Smith,6235 Broadway Ave,dave.smith.d14871fb-edc4-444c-af9d-e67aeb35e99b@example.com
River Pharmacy LLC,SD0001124,Active,2005-09-17,Jen Miller,9749 Maple Ave,jen.miller.8f519789-1c20-430b-835c-6f5af0838bef@example.com
Blue Studio LLC,SD0001080,Active,2019-03-15,Dave Wilson,1775 Elm Ave,dave.wilson.57d5e2f3-63a8-4613-9b97-d9f9397b0bbf@example.com
Silver Works LLC,SD0001103,Active,2013-01-09,Dave Johnson,5342 Elm Ave,dave.johnson.792596f8-1718-4969-888e-8d35accd5713@example.com
Green Consulting LLC,SD0001088,Active,2013-08-01,Maria Anderson,3496 Maple Ave,maria.anderson.ec98ea7d-5608-4a42-8fa9-d4b530d6c047@example.com
Harmony Energy LLC,SD0001067,Active,2018-06-15,Dave Miller,8023 Elm Ave,dave.miller.ebe71d26-ef8b-4e3e-83c1-f6e24681d230@example.com
Pine Works LLC,SD0001060,Active,1999-02-08,John Garcia,9380 Maple Ave,john.garcia.e2bacb93-6a8a-410b-add5-df17efb9f4e0@example.com
Blue Mart LLC,SD0001106,Active,2021-11-03,John Anderson,5867 Hill Ave,john.anderson.622067ca-1841-4757-8807-2ad8b36745e4@example.com
Pine Market LLC,SD0001083,Inactive,1996-12-23,John Garcia,2493 Broadway Ave,john.garcia.8dabd733-d52f-4835-b5ac-9d7680a19b01@example.com
Green Industries LLC,SD0001086,Active,2021-12-08,Alex Davis,2510 Maple Ave,alex.davis.de845e47-4118-4a4d-82e2-eee42568a20f@example.com
River Group LLC,SD0001130,Active,2007-06-04,Gian Smith,682 Broadway Ave,gian.smith.3c82a306-4793-447b-9dbc-2c231de4673f@example.com
Apex Ventures LLC,SD0001180,Active,2024-12-24,Jen Anderson,2661 Hill Ave,jen.anderson.d06a5ad2-32c1-4655-8b52-5b68edcc2291@example.com
Sunny Services LLC,SD0001196,Active,2003-11-20,Ezra Davis,4154 Maple Ave,ezra.davis.62516f53-2de9-4455-bca1-9f9c80b85fa5@example.com
Apex Builders LLC,SD0001151,Active,1996-06-15,Jen Wilson,8407 Hill Ave,jen.wilson.28c97288-737b-48a3-b5a1-f3a01b9b8dab@example.com
Rapid Foods LLC,SD0001164,Active,1996-03-10,Sara Garcia,5085 Elm Ave,sara.garcia.94a1c312-d30a-46b6-b18e-f507af0c48fc@example.com
Sunny Holdings LLC,SD0001182,Active,2005-02-17,Dave Miller,1374 Elm Ave,dave.miller.f53aa160-8f41-4400-8c58-7d603ee6f9ad@example.com
Golden Builders LLC,SD0001187,Active,2012-02-19,Gian Johnson,542 Elm Ave,gian.johnson.e701f1e4-ccbc-4883-a2af-b6e3a429e7db@example.com
Ocean Builders LLC,SD0001160,Active,2011-06-14,Jen Johnson,3983 Maple Ave,jen.johnson.d30e7114-6b4e-40ef-bcb6-7aed54b07e1f@example.com
Cedar Studio LLC,SD0001192,Active,2003-12-02,Sara Johnson,7824 Broadway Ave,sara.johnson.6972cf03-5910-4823-9926-c16aaa20a133@example.com
Nova Foods LLC,SD0001186,Active,1995-10-12,Ezra Smith,5173 Hill Ave,ezra.smith.5876e1af-61ca-406f-9a1e-ba5e06630d11@example.com
Harmony Holdings LLC,SD0001197,Pending,2002-03-23,Sara Johnson,6477 Maple Ave,sara.johnson.d20931ca-17d3-4705-8bfc-2c49b936c5b0@example.com
Prime Logistics LLC,SD0001141,Active,2011-05-15,Ezra Miller,3057 Maple Ave,ezra.miller.a9c1a243-b69e-41a1-922a-1dc554e2e2cd@example.com
Harmony Holdings LLC,SD0001172,Inactive,2000-05-14,Maria Smith,2309 Maple Ave,maria.smith.1ccedeaf-5a2e-4abf-bd78-64d2de83b7c7@example.com
Summit Works LLC,SD0001166,Inactive,2004-03-03,Maria Johnson,8143 Maple Ave,maria.johnson.0f49fd29-82b2-4c06-9291-a4a9e3fe892b@example.com
Silver Foods LLC,SD0001165,Pending,2014-01-27,Dave Johnson,4389 Elm Ave,dave.johnson.912bae82-ead5-4274-803d-3a0a781aa38d@example.com
Summit Ventures LLC,SD0001161,Active,2024-01-14,Ezra Taylor,511 Elm Ave,ezra.taylor.51555143-81fe-4fa0-b82f-e67cb29c2bb8@example.com
River Consulting LLC,SD0001149,Active,2019-11-25,Jen Anderson,4015 Maple Ave,jen.anderson.9629f4fb-233b-4065-a551-d44237496111@example.com
Green Ventures LLC,SD0001152,Active,2001-05-17,Maria Miller,991 Broadway Ave,maria.miller.83c3ac19-f5ee-4b31-b7fe-cfe20c0ef12e@example.com
Rapid Works LLC,SD0001190,Active,1998-05-25,Maria Davis,9549 Broadway Ave,maria.davis.abe58e7d-7f96-420f-95cc-a097c649c2bd@example.com
Pine Tech LLC,SD0001174,Active,2021-09-07,Jen Anderson,8672 Maple Ave,jen.anderson.a496e686-a1e7-420e-a6d6-c1c097f01746@example.com
Rapid Consulting LLC,SD0001155,Active,2003-07-08,Sara Garcia,3196 Hill Ave,sara.garcia.5bb02c01-7a5d-4474-9901-6b8688af984c@example.com
Sky Group LLC,SD0001224,Active,2010-01-17,Sara Smith,55 Elm Ave,sara.smith.9a6b87e3-1880-496f-9c67-bcdd557fb8b9@example.com
Cedar Group LLC,SD0001240,Pending,2024-07-01,Gian Garcia,959 Broadway Ave,gian.garcia.6cd32b0c-360c-4a21-aca1-680451453dd8@example.com
Ocean Builders LLC,SD0001203,Inactive,2015-08-13,John Miller,6085 Elm Ave,john.miller.ad0419ac-7bf0-4efa-adea-4bc67d713f92@example.com
Blue Tech LLC,SD0001221,Inactive,2018-01-03,John Davis,7887 Broadway Ave,john.davis.9d95a0f1-2eb6-4ea9-93e2-89ff03b61ba1@example.com
Cedar Group LLC,SD0001241,Inactive,2022-09-21,Alex Davis,6514 Hill Ave,alex.davis.13732eb0-1ac3-47a3-8927-fe53d241afe1@example.com
Crystal Group LLC,SD0001253,Pending,2010-03-13,Sara Taylor,2859 Maple Ave,sara.taylor.c0e77cb5-6cdc-4e2d-b3bb-5051b125ea21@example.com
Green Industries LLC,SD0001227,Active,1996-07-07,Gian Smith,8625 Maple Ave,gian.smith.7345c248-fc6b-4468-995d-db5963de4574@example.com
Blue Trading LLC,SD0001212,Active,2001-03-27,Maria Davis,3435 Maple Ave,maria.davis.935f1493-211f-424a-8d86-18cce69af2dd@example.com
Nova Solutions LLC,SD0001198,Active,2015-04-23,John Wilson,3390 Hill Ave,john.wilson.63731965-4e61-4def-b9a0-8aaa06e6f1da@example.com
Blue Foods LLC,SD0001260,Active,1996-10-21,John Wilson,900 Hill Ave,john.wilson.c811eaf8-47ca-4ee5-8ee8-b283f2e9ba2e@example.com
Pine Studio LLC,SD0001239,Active,2021-10-17,Gian Taylor,8158 Elm Ave,gian.taylor.f7bc43ac-f8b8-4a2d-aad7-132570708c10@example.com
,,Active,2020-04-24,Jen Davis,391 Broadway Ave,jen.davis.0696c82c-0a1f-46fe-86be-72144b8c9cb5@example.com
Metro Tech LLC,SD0001263,Active,2010-12-21,Maria Johnson,4327 Broadway Ave,maria.johnson.5ec056fd-0543-41c8-9505-506f8605a7a2@example.com
Apex Group LLC,SD0001210,Active,2003-10-18,Jen Garcia,114 Hill Ave,jen.garcia.5fa344ea-8e26-44b0-8156-2bb0948b4226@example.com
Summit Labs LLC,SD0001220,Active,2015-09-03,Jen Wilson,500 Broadway Ave,jen.wilson.f4dfb9a9-207d-494d-8284-bf173473a493@example.com
River Works LLC,SD0001205,Active,1995-06-25,Sara Taylor,3178 Maple Ave,sara.taylor.4f0907f8-981e-4e72-86e1-489b9b7d4355@example.com
Apex Pharmacy LLC,SD0001207,Inactive,2006-08-25,Dave Davis,7068 Broadway Ave,dave.davis.4924046f-e774-4181-91dd-2a1ec7a78f27@example.com
,,,2007-10-13,Alex Smith,9214 Hill Ave,alex.smith.f46f4dce-b5c3-4ced-b415-7139ac9c41a4@example.com
Rapid Builders LLC,SD0001199,Inactive,2005-07-13,Maria Davis,6386 Elm Ave,maria.davis.278a36bf-0d7d-4c22-b424-6aa68f833986@example.com
Rapid Logistics LLC,SD0001228,Active,1996-02-28,Sara Miller,4247 Maple Ave,sara.miller.fea0cda9-8863-4916-a776-212bf0c4ee6c@example.com
Blue Farms LLC,SD0001266,Active,2008-04-27,Dave Wilson,6170 Broadway Ave,dave.wilson.2bc9041a-1ee7-45f5-ab3f-6722e2705b1c@example.com
Summit Works LLC,SD0001277,Active,2004-06-15,John Wilson,2943 Maple Ave,john.wilson.b90c0be3-0140-432b-9dd9-3552c0c4a40e@example.com
Quantum Mart LLC,SD0001268,Pending,1998-07-09,Dave Davis,4108 Broadway Ave,dave.davis.24acf207-2b39-43d7-9170-5141bc167238@example.com
Crystal Pharmacy LLC,SD0001305,Active,2002-09-18,Gian Wilson,4016 Maple Ave,gian.wilson.1bd5b950-58e0-466c-88cf-2d196e02fb05@example.com
Crystal Builders LLC,SD0001298,Active,2022-09-24,Alex Johnson,8625 Maple Ave,alex.johnson.5d07bfe7-6b7b-470a-818a-e1dfd9453952@example.com
Quantum Ventures LLC,SD0001269,Dissolved,2023-08-24,Maria Johnson,239 Maple Ave,maria.johnson.354610ef-6898-4123-bb57-efdd81b35c72@example.com
Prime Trading LLC,SD0001318,Active,2020-09-22,Gian Smith,9454 Elm Ave,gian.smith.c804f825-b679-4158-bed7-2cd78ad65231@example.com
Sunny Foods LLC,SD0001288,Inactive,2001-07-10,Dave Johnson,5363 Elm Ave,dave.johnson.03696b80-2828-402e-9f7b-98fb3f38f688@example.com
Green Pharmacy LLC,SD0001276,Dissolved,2017-12-08,Jen Garcia,4894 Elm Ave,jen.garcia.02210dd1-0526-4ca9-a823-cadf6c3b775d@example.com
Quantum Tech LLC,SD0001300,Active,2008-05-16,Gian Smith,8734 Maple Ave,gian.smith.9972ee6d-a191-44b3-9341-4879a84f3b2f@example.com
Quantum Group LLC,SD0001291,Active,2011-08-18,Dave Smith,4461 Elm Ave,dave.smith.e88cf2aa-0031-45db-b6d9-badd480a2ee7@example.com
Quantum Energy LLC,SD0001274,Active,2012-08-04,John Garcia,1201 Maple Ave,john.garcia.ad3c9fd0-c005-4a3f-bf1f-ff10dad6d295@example.com
Sky Market LLC,SD0001287,Dissolved,1998-08-20,Alex Wilson,9545 Maple Ave,alex.wilson.563ec0bf-9c55-4d12-aff9-fd1ddb06fc27@example.com
Prime Foods LLC,SD0001310,Active,2012-08-20,Gian Davis,6108 Elm Ave,gian.davis.0051d59a-4bd0-4278-a902-f91b9e011d08@example.com
Green Studio LLC,SD0001322,Active,2000-08-08,Maria Smith,7269 Broadway Ave,maria.smith.d9509d86-aa54-4056-94ed-0ebabfb49d22@example.com
Crystal Studio LLC,SD0001323,Active,1999-03-28,Gian Wilson,4287 Maple Ave,gian.wilson.ed7cc7f2-a17d-4b9b-92d4-d5390d5aad16@example.com
River Farms LLC,SD0001301,Active,2000-03-12,Jen Wilson,9218 Elm Ave,jen.wilson.1d441484-253b-4d09-91f5-9c2d0d76891f@example.com
Silver Labs LLC,SD0001312,Active,2022-03-07,Maria Wilson,403 Broadway Ave,maria.wilson.0db74355-431f-40d8-a91d-93e210e17f62@example.com
Prime Industries LLC,SD0001299,Active,2001-02-05,Sara Miller,1527 Broadway Ave,sara.miller.74c9eb9e-dc78-475f-92aa-aafb50244a8d@example.com
Blue Energy LLC,SD0001273,Active,1999-02-22,Gian Wilson,2618 Broadway Ave,gian.wilson.116b96bd-a2cb-4f5c-893c-346cf9ba7da3@example.com
Quantum Ventures LLC,SD0001360,Active,2014-11-21,Jen Garcia,779 Elm Ave,jen.garcia.78aac271-c194-4db9-9d22-2f82e7f5544f@example.com
Silver Builders LLC,SD0001328,Inactive,1998-06-23,Alex Smith,6704 Hill Ave,alex.smith.01763738-5e28-4a1f-90d0-73b188ad245a@example.com
Sky Tech LLC,SD0001341,Pending,2024-07-09,Maria Johnson,7403 Elm Ave,maria.johnson.69a10693-27e3-4390-a60d-84c9ead579ae@example.com
Green Trading LLC,SD0001383,Active,2000-01-01,Dave Anderson,6226 Broadway Ave,dave.anderson.ec3c405d-bd2e-4423-b8f6-8b1f4ca1733d@example.com
Green Solutions LLC,SD0001345,Active,2002-12-04,John Wilson,7008 Broadway Ave,john.wilson.d82d3e2e-aa4f-4f8e-86f9-ff79568afcd8@example.com
Sunny Trading LLC,SD0001340,Active,2016-12-25,John Taylor,377 Elm Ave,john.taylor.85fe7bfd-8783-456b-856b-01ca0b31a9f7@example.com
Bright Services LLC,SD0001327,Active,2003-02-16,Sara Johnson,6010 Hill Ave,sara.johnson.d1889171-2ed5-45e8-885b-4f6225575574@example.com
Harmony Mart LLC,SD0001357,Active,2013-05-11,Maria Garcia,969 Hill Ave,maria.garcia.01f9add5-1255-4f37-b367-cff659f77715@example.com
Pine Pharmacy LLC,SD0001410,Active,2009-05-23,Dave Wilson,5784 Broadway Ave,dave.wilson.675b469e-19a8-4700-9ea0-3bfd234bf71d@example.com
Harmony Energy LLC,SD0001402,Active,2022-08-26,Maria Anderson,1334 Broadway Ave,maria.anderson.f8851e2c-602d-40e3-afba-659c491ab039@example.com
Bright Studio LLC,SD0001391,Active,2016-11-21,Sara Wilson,9698 Hill Ave,sara.wilson.5c3cf03c-fbb5-4191-87d2-a6cbb07abcb9@example.com
Sunny Holdings LLC,SD0001362,Inactive,2024-05-11,Dave Wilson,8816 Broadway Ave,dave.wilson.7c79c920-9e76-4aa4-91ed-9fab3639d072@example.com
Bright Energy LLC,SD0001378,Active,2014-04-15,Alex Johnson,2419 Hill Ave,alex.johnson.86a76e1f-81bf-4b19-a211-b6e2c294a8f7@example.com
Sunny Builders LLC,SD0001397,Inactive,2006-11-10,Gian Anderson,8296 Maple Ave,gian.anderson.e66f0ba1-99b3-4155-946c-eb0afcfc5640@example.com
Prime Mart LLC,SD0001347,Inactive,2024-07-23,Alex Miller,7043 Broadway Ave,alex.miller.825882e4-7116-4b11-bfe4-c9824871b225@example.com
River Mart LLC,SD0001412,Active,2014-02-08,Dave Anderson,1562 Broadway Ave,dave.anderson.c54a882c-a548-4113-be94-52b3695b0c5d@example.com
Pine Solutions LLC,SD0001414,Active,1995-02-22,Gian Wilson,985 Broadway Ave,gian.wilson.b8f05fad-ce8e-41ad-a2bf-53be00d51151@example.com
Sunny Tech LLC,SD0001400,Active,2011-11-27,Dave Davis,1486 Maple Ave,dave.davis.35672e65-6684-427e-beef-5834c5f8e389@example.com
Silver Services LLC,SD0001329,Active,2002-06-03,Jen Taylor,4929 Maple Ave,jen.taylor.576b795d-91f2-4a26-8772-73df13b37d57@example.com
Quantum Holdings LLC,SD0001330,Active,1995-01-19,Gian Taylor,6988 Hill Ave,gian.taylor.6b9fd3ad-327c-4de0-8c5c-cb1dc9658c60@example.com
Pine Industries LLC,SD0001432,Active,2023-06-19,John Anderson,9119 Broadway Ave,john.anderson.c52ef5ef-a0ea-4f0b-a1cd-e52d3b904f11@example.com
Apex Tech LLC,SD0001422,Active,2009-07-25,Sara Davis,2642 Elm Ave,sara.davis.46e7f9c0-9cf4-4e8f-a718-a9b7e1481fd4@example.com
Golden Foods LLC,SD0001420,Active,2010-10-19,Ezra Smith,1217 Hill Ave,ezra.smith.c254030c-1653-43c8-aa28-0f13ecbf20e8@example.com
Golden Foods LLC,SD0001417,Pending,2004-11-20,Alex Johnson,59 Elm Ave,alex.johnson.14a8189a-3838-476f-80f9-701468b73e28@example.com
Metro Energy LLC,SD0001444,Active,2004-05-10,Ezra Davis,5026 Maple Ave,ezra.davis.657746b5-56e4-48d0-8388-be15806ec91a@example.com
Blue Foods LLC,SD0001425,Active,2023-07-27,Sara Anderson,8372 Elm Ave,sara.anderson.b1529921-3d77-4692-94e0-0ad97f2039ce@example.com
Prime Market LLC,SD0001424,Active,2016-10-23,Jen Wilson,1570 Broadway Ave,jen.wilson.c9bbffb3-4ca5-4b84-9bd3-728f9f808def@example.com
Blue Builders LLC,SD0001437,Active,1996-05-23,Maria Taylor,8169 Elm Ave,maria.taylor.659c5110-a8b6-48fe-a228-252c487611e7@example.com
Rapid Tech LLC,SD0001473,Active,2007-03-13,Ezra Davis,9363 Hill Ave,ezra.davis.ee72e9de-9f8b-44d9-9251-0786f952a600@example.com
Prime Studio LLC,SD0001415,Active,1998-06-07,Dave Wilson,534 Hill Ave,dave.wilson.d21062a9-cd65-4b13-9902-49b4923dc70d@example.com
Rapid Studio LLC,SD0001446,Active,2025-03-09,Gian Wilson,4377 Maple Ave,gian.wilson.5c3e5156-62eb-4200-bbb6-70ad663465ed@example.com
Pine Mart LLC,SD0001434,Active,2011-03-06,Sara Garcia,9040 Maple Ave,sara.garcia.cf7ac6fc-4daf-49bb-abca-629e06ef25b1@example.com
Silver Market LLC,SD0001482,Active,1995-06-16,Dave Miller,7873 Broadway Ave,dave.miller.a21a6b47-68e1-4805-881c-dc6335b8bf5c@example.com
Silver Works LLC,SD0001447,Active,2010-10-22,Alex Miller,1396 Hill Ave,alex.miller.4e536781-df0f-455c-8952-81def993fea4@example.com
Cedar Services LLC,SD0001488,Inactive,2014-05-17,Jen Anderson,7130 Maple Ave,jen.anderson.eb15fc13-0ad8-4d74-893f-f14e81633d5f@example.com
Apex Industries LLC,SD0001430,Active,2008-12-06,John Wilson,8602 Broadway Ave,john.wilson.e3eb02ba-0067-45f2-8bbf-0302dfbf7de9@example.com
Quantum Group LLC,SD0001441,Inactive,2000-10-24,Jen Davis,8877 Elm Ave,jen.davis.e51646cd-4587-42a2-84f7-0ac75e5f94a9@example.com
Pine Works LLC,SD0001461,Active,2024-03-16,Jen Garcia,5249 Hill Ave,jen.garcia.e29a2679-c694-4f76-ac4e-152c5c6fe026@example.com
Metro Farms LLC,SD0001474,Active,2003-08-02,John Garcia,1112 Elm Ave,john.garcia.7fca04f0-239e-403e-a50e-2765311da685@example.com
Metro Builders LLC,SD0001418,Inactive,2008-01-17,Jen Johnson,3637 Elm Ave,jen.johnson.ed320cca-7429-4978-a07f-b89c5c9063a0@example.com
Prime Builders LLC,SD0001524,Dissolved,2000-02-12,Gian Garcia,7144 Hill Ave,gian.garcia.85a88cfc-066f-40f5-a5b5-cdcd341771a7@example.com
Harmony Labs LLC,SD0001573,Inactive,2004-09-18,John Taylor,245 Elm Ave,john.taylor.331cab07-3ac9-4561-9e34-ecd1bb45770b@example.com
Bright Mart LLC,SD0001536,Active,1997-04-05,Maria Johnson,8866 Maple Ave,maria.johnson.458b89d8-be6f-47ca-a9c6-54180ae96eda@example.com
Sunny Builders LLC,SD0001553,Active,2003-11-11,Gian Garcia,4939 Broadway Ave,gian.garcia.34272e5b-c28e-43a0-a1ea-d06daa349bc1@example.com
Crystal Services LLC,SD0001549,Active,2025-08-26,Sara Davis,762 Elm Ave,sara.davis.bcf94d18-078e-4654-83a7-94a49f2ef01c@example.com
Bright Trading LLC,SD0001580,Active,2005-01-05,Alex Anderson,1151 Elm Ave,alex.anderson.4fa02b2f-36f0-4e59-a629-c806d61566d9@example.com
Prime Trading LLC,SD0001555,Active,2001-11-21,Jen Taylor,5044 Hill Ave,jen.taylor.c46bc880-98ab-4d91-a974-7c8d0dd508ff@example.com
Quantum Farms LLC,SD0001550,Active,2022-10-12,Ezra Miller,1600 Elm Ave,ezra.miller.0998cbb8-bc95-4c91-a15e-7fc18a111f93@example.com
Bright Pharmacy LLC,SD0001523,Active,2018-02-08,Alex Garcia,1062 Broadway Ave,alex.garcia.9abd8cf5-b208-4dc8-a2e9-740f184ba22e@example.com
Summit Ventures LLC,SD0001576,Active,2024-06-19,John Taylor,7677 Broadway Ave,john.taylor.e97ee189-6602-4b2a-a211-0de6fa156217@example.com
River Mart LLC,SD0001513,Inactive,2024-04-20,Jen Wilson,2929 Elm Ave,jen.wilson.90d8053c-19b2-425d-bc4c-37c635560ace@example.com
Ocean Logistics LLC,SD0001507,Active,2017-03-06,Gian Smith,7208 Hill Ave,gian.smith.d903a8ad-582b-44e3-829d-2409fd614949@example.com
Sky Trading LLC,SD0001575,Active,2001-11-01,Ezra Johnson,1352 Maple Ave,ezra.johnson.aff15865-31d7-49b1-80ba-672d4744d9b3@example.com
Silver Ventures LLC,SD0001514,Active,1999-08-13,Dave Garcia,2689 Broadway Ave,dave.garcia.4ea5d86b-7e8b-4bd8-ae67-3fe1847d7fe8@example.com
Sky Industries LLC,SD0001564,Active,1998-09-07,Alex Davis,8548 Maple Ave,alex.davis.9830c33a-bc45-49f3-9af2-0878a1d588c5@example.com
River Services LLC,SD0001570,Active,2002-11-23,John Anderson,8563 Elm Ave,john.anderson.82d815e0-5bf1-4855-82b9-f8059af704cc@example.com
Quantum Solutions LLC,SD0001544,Dissolved,2001-10-26,Dave Davis,4744 Hill Ave,dave.davis.6f1ec421-67a5-489e-b515-4ac4ed0852e4@example.com
Cedar Builders LLC,SD0001526,Active,2007-03-19,Alex Wilson,8542 Elm Ave,alex.wilson.d161fa69-f9e9-4ed6-8d3a-1f4674732a96@example.com
Prime Studio LLC,SD0001552,Active,2015-04-14,Alex Miller,4853 Elm Ave,alex.miller.26c57f30-370e-4d1e-bac9-b35303a2339f@example.com
Crystal Solutions LLC,SD0001491,Active,2016-11-23,Sara Wilson,8210 Hill Ave,sara.wilson.84792550-4d4e-47b3-b026-797abe717458@example.com
Metro Pharmacy LLC,SD0001608,Active,1999-08-14,Sara Garcia,4439 Elm Ave,sara.garcia.f13e4779-8d62-4895-b924-34400d5b05f3@example.com
Summit Pharmacy LLC,SD0001602,Active,2010-04-05,Sara Taylor,3552 Hill Ave,sara.taylor.42d3f596-bdb5-4db2-8ce1-8ac2aa3c5833@example.com
Blue Mart LLC,SD0001626,Active,1998-09-05,Ezra Johnson,2904 Elm Ave,ezra.johnson.aa8feaf7-52ff-4f92-89ed-f966a5fc3def@example.com
Prime Energy LLC,SD0001598,Pending,2021-05-26,Sara Miller,3515 Maple Ave,sara.miller.22bce0d1-83da-4ae5-8012-c109adf674ec@example.com
Apex Group LLC,SD0001582,Active,2015-06-18,Gian Miller,7388 Maple Ave,gian.miller.9d01f4e8-718f-4262-9895-bab9011bc02b@example.com
Apex Farms LLC,SD0001584,Active,2021-09-08,Dave Smith,2605 Hill Ave,dave.smith.aa3fc68f-c0d8-4a6b-8ff7-4bdbea43abb7@example.com
Sky Works LLC,SD0001617,Active,1998-07-26,Ezra Garcia,3861 Maple Ave,ezra.garcia.7004497a-45fe-4a01-96a2-3c6972aa668f@example.com
Green Trading LLC,SD0001623,Active,2003-11-24,Maria Garcia,3655 Hill Ave,maria.garcia.bf0177b4-8856-4d40-b2fb-81ac3c59c04b@example.com
River Labs LLC,SD0001593,Inactive,1998-04-23,John Wilson,3172 Hill Ave,john.wilson.c4f24fac-2eeb-4f59-8179-d9910368fff3@example.com
Quantum Studio LLC,SD0001585,Active,2002-05-06,Jen Johnson,6763 Broadway Ave,jen.johnson.c21b2b43-9212-4da5-bdc5-d98b47d738b2@example.com
Sky Holdings LLC,SD0001614,Active,2025-09-14,Maria Garcia,169 Maple Ave,maria.garcia.b0dd841f-71c2-47be-8e1f-aac0a164d127@example.com
Summit Mart LLC,SD0001624,Active,2023-07-05,John Taylor,4303 Elm Ave,john.taylor.baa2a8b4-668a-44aa-81c2-a18e57176470@example.com
Blue Foods LLC,SD0001616,Active,2011-07-08,Alex Johnson,89 Broadway Ave,alex.johnson.ef8946ae-282d-41ca-8e05-92a1dee3777f@example.com
Green Ventures LLC,SD0001600,Active,2007-08-23,Sara Smith,9751 Elm Ave,sara.smith.f7951c62-d2bc-43e9-926c-ffa90e434201@example.com
Golden Consulting LLC,SD0001603,Active,2000-03-03,Sara Taylor,1248 Hill Ave,sara.taylor.0b2abfb3-6b3d-47bd-9d2e-b263ade29f86@example.com
Metro Market LLC,SD0001627,Active,2022-07-04,Maria Davis,917 Elm Ave,maria.davis.e9d86c98-3b26-4e49-adc8-fb641aa09896@example.com
Crystal Trading LLC,SD0001599,Active,2014-01-02,Ezra Johnson,6260 Maple Ave,ezra.johnson.84e00a4a-7240-4d69-a478-f553fecfbc15@example.com
Crystal Studio LLC,SD0001622,Active,2007-10-20,Ezra Anderson,7245 Maple Ave,ezra.anderson.3049b5ae-def2-4cd5-930f-a33b8ba9e5a8@example.com
Nova Market LLC,SD0001592,Active,2001-09-16,Alex Davis,6640 Elm Ave,alex.davis.f85b57d2-c08f-43d9-b1ca-a396e0f39e0c@example.com
Quantum Foods LLC,SD0001611,Active,2003-05-15,Dave Johnson,9259 Broadway Ave,dave.johnson.23c1e074-41ed-41eb-88f8-d31e3feaa9d8@example.com
Nova Holdings LLC,SD0001670,Active,2000-11-05,John Taylor,6088 Hill Ave,john.taylor.d6b7b004-25c6-4faa-bde1-ca84ec026bfa@example.com
Apex Tech LLC,SD0001654,Active,1998-12-14,Alex Smith,2424 Broadway Ave,alex.smith.7c23463d-5d26-4bce-ae16-63c4e7c2c16c@example.com
Golden Holdings LLC,SD0001686,Active,2005-10-13,Sara Johnson,2347 Maple Ave,sara.johnson.ac614dd0-ed86-420f-9ad7-0c72aa863b63@example.com
Cedar Pharmacy LLC,SD0001684,Active,2007-10-17,Alex Davis,2667 Elm Ave,alex.davis.797b698c-3690-416e-9199-d43591dc92b2@example.com
Rapid Farms LLC,SD0001659,Active,2020-10-15,Sara Garcia,4853 Elm Ave,sara.garcia.ef25e06c-7d45-41c8-9937-769f1e18b39e@example.com
Bright Industries LLC,SD0001638,Active,2009-04-01,Alex Wilson,9623 Elm Ave,alex.wilson.8af0a5f0-a490-4f38-8e45-3030f4315626@example.com
Blue Industries LLC,SD0001647,Active,2010-03-05,Jen Taylor,8044 Broadway Ave,jen.taylor.b0850a86-fbfa-4e21-a5ab-16e38634e087@example.com
Crystal Group LLC,SD0001671,Pending,1998-07-06,Gian Johnson,4744 Elm Ave,gian.johnson.a3ef7522-51a7-4a3d-bf74-3e497ce647d2@example.com
Green Industries LLC,SD0001681,Active,2024-02-19,Maria Garcia,1283 Elm Ave,maria.garcia.8645437f-967e-4b2b-8d4d-1725815bcc39@example.com
Blue Trading LLC,SD0001631,Active,1995-06-16,Maria Miller,3858 Elm Ave,maria.miller.79110966-7834-449e-b89f-90c5fa18a70c@example.com
Cedar Industries LLC,SD0001656,Active,2005-01-27,Ezra Miller,2557 Hill Ave,ezra.miller.80ea110c-e90a-4d22-9cc6-57066f358256@example.com
Golden Market LLC,SD0001669,Active,2020-09-09,Alex Anderson,2143 Hill Ave,alex.anderson.7e1dc991-1f31-4a25-b090-23ed17f2a2a7@example.com
Bright Studio LLC,SD0001632,Active,2008-09-06,Maria Taylor,3012 Hill Ave,maria.taylor.36fe3caa-08d1-41b6-a301-8ccfb9bbc080@example.com
Blue Labs LLC,SD0001680,Active,2012-07-10,Gian Anderson,365 Maple Ave,gian.anderson.29587b8c-db21-4e5a-97c4-b851458b41aa@example.com
Crystal Studio LLC,SD0001628,Active,1999-09-08,Sara Johnson,2889 Maple Ave,sara.johnson.a4853e46-038c-47f4-ac8e-6423bd275be6@example.com
Prime Studio LLC,SD0001673,Active,2023-05-06,John Smith,6929 Broadway Ave,john.smith.62a68fdf-8d7c-44f6-bd7e-a329d86b6c18@example.com
Metro Trading LLC,SD0001640,Pending,2000-02-06,Jen Johnson,3065 Maple Ave,jen.johnson.b44c46b7-be5c-47c8-9e21-d89c9ac5a5b7@example.com
Prime Market LLC,SD0001678,Inactive,2002-06-21,Sara Garcia,7062 Hill Ave,sara.garcia.4f59e2aa-13cd-4779-9f0c-40edd893590e@example.com
Cedar Services LLC,SD0001682,Active,2012-10-02,Gian Davis,4061 Maple Ave,gian.davis.96b8820a-92ef-4b1b-8716-bf0529b3ef55@example.com
Prime Holdings LLC,SD0001650,Active,1996-07-20,Dave Miller,6537 Hill Ave,dave.miller.4cc001e0-ce53-4540-98f4-4015947ab49b@example.com
Summit Solutions LLC,SD0001688,Active,2023-08-11,Maria Anderson,7322 Broadway Ave,maria.anderson.6ae3585b-e046-4837-b33f-bb9169b57e3e@example.com
Metro Services LLC,SD0001739,Active,2024-05-19,Alex Anderson,7364 Broadway Ave,alex.anderson.be68cbfc-6b21-4ac5-b1bb-28ca40347396@example.com
Metro Services LLC,SD0001753,Active,2008-07-04,Dave Garcia,4767 Broadway Ave,dave.garcia.89a926f7-303e-4549-9fd3-5c7d58d3cfb3@example.com
Sky Holdings LLC,SD0001747,Active,2022-05-20,Alex Davis,9832 Broadway Ave,alex.davis.fec47bac-7dc8-4ef1-a063-fded6d4012c0@example.com
Blue Industries LLC,SD0001736,Active,2021-01-08,Maria Anderson,3198 Elm Ave,maria.anderson.d208a6e9-a57d-4473-b78a-13d7475a3389@example.com
Silver Tech LLC,SD0001755,Active,2010-04-21,Gian Smith,3708 Hill Ave,gian.smith.b5df3677-cf71-4328-bf3a-3a1f44db829d@example.com
Crystal Studio LLC,SD0001719,Active,1996-04-23,Ezra Davis,3471 Broadway Ave,ezra.davis.a1b42c6e-3e59-435f-8ebf-9099d76f902a@example.com
Summit Pharmacy LLC,SD0001765,Pending,2007-05-23,Alex Davis,5622 Hill Ave,alex.davis.ecfcf877-240d-4ce8-9d2b-78dc418c92f5@example.com
Pine Logistics LLC,SD0001759,Inactive,2015-01-23,Alex Garcia,8828 Elm Ave,alex.garcia.a37af477-e0f3-486e-bfc4-70052efce7ad@example.com
Crystal Solutions LLC,SD0001696,Inactive,2005-11-17,Maria Wilson,7173 Hill Ave,maria.wilson.1b8753c1-4a94-4c87-a7c0-07a12f6d31af@example.com
Sky Group LLC,SD0001725,Active,2013-09-06,Ezra Wilson,3353 Maple Ave,ezra.wilson.e377e24b-1c23-4934-b4b9-6e938e158b5b@example.com
Prime Market LLC,SD0001718,Active,2011-05-11,Sara Miller,3879 Elm Ave,sara.miller.40060032-e1e3-4f0b-87e1-eae4e5013288@example.com
Ocean Industries LLC,SD0001730,Active,2011-01-13,John Wilson,8655 Broadway Ave,john.wilson.230ad5c7-188c-4bb1-8eed-5f153e420828@example.com
Ocean Ventures LLC,SD0001704,Active,2003-07-04,Ezra Garcia,6414 Elm Ave,ezra.garcia.78ef4b44-bf58-4b07-8b52-5f5819e98c75@example.com
River Studio LLC,SD0001715,Active,2009-09-17,Dave Smith,6501 Hill Ave,dave.smith.2660406d-413a-420e-bb7a-4ec677943972@example.com
River Mart LLC,SD0001702,Active,2002-10-03,Alex Wilson,3299 Maple Ave,alex.wilson.def2f7ab-9d9d-4a98-a0aa-6693363fbe59@example.com
Blue Pharmacy LLC,SD0001692,Active,2018-03-04,Sara Taylor,7958 Hill Ave,sara.taylor.cc7ed2da-a3af-45bc-921c-ab69b3bc8d97@example.com
Apex Pharmacy LLC,SD0001714,Inactive,1996-10-25,Jen Anderson,827 Elm Ave,jen.anderson.ed6e9d01-b122-40fe-a1ec-d1bce7bee266@example.com
Crystal Industries LLC,SD0001735,Active,2013-11-04,Dave Anderson,6431 Maple Ave,dave.anderson.58e5199a-dd75-43ef-b085-d0772157e3de@example.com
Sunny Farms LLC,SD0001690,Inactive,1999-12-01,Alex Smith,83 Maple Ave,alex.smith.5895202c-795b-462b-91b6-de5cb48dbbe5@example.com
Quantum Services LLC,SD0001774,Active,2002-07-27,Maria Johnson,7037 Elm Ave,maria.johnson.a956ea86-9fe9-4177-821c-bc1524dd2044@example.com
River Mart LLC,SD0001797,Active,2010-05-01,Maria Anderson,7439 Hill Ave,maria.anderson.7dd861a5-226b-41c8-897c-f417d88c64c4@example.com
Crystal Ventures LLC,SD0001783,Active,1996-06-17,Gian Garcia,2946 Elm Ave,gian.garcia.558b2f8d-d74a-435c-856c-b8e96dfbf1d6@example.com
Blue Group LLC,SD0001775,Active,2001-10-02,Alex Smith,2355 Elm Ave,alex.smith.2ca9d75b-a4af-4651-b71b-2838df745e03@example.com
Bright Mart LLC,SD0001805,Active,1996-07-23,Gian Anderson,5022 Hill Ave,gian.anderson.88f84f94-5adc-4a8a-8811-bc9eee8f52de@example.com
Metro Labs LLC,SD0001787,Active,2002-12-23,Jen Davis,107 Broadway Ave,jen.davis.4dcda4f1-5640-4562-888f-2022c979d8a1@example.com
Nova Energy LLC,SD0001782,Active,2006-01-03,John Taylor,3784 Broadway Ave,john.taylor.e0bd6724-8147-484f-99d9-4d7db01e967a@example.com
Prime Trading LLC,SD0001769,Active,2007-01-10,Sara Wilson,3710 Hill Ave,sara.wilson.3e156a41-6ef9-4a25-bb0b-92c9a9112208@example.com
Pine Labs LLC,SD0001785,Active,2009-02-19,Ezra Miller,6639 Maple Ave,ezra.miller.f3c6d820-1223-4786-aedb-2498f6aa14c9@example.com
Apex Ventures LLC,SD0001825,Active,2011-10-01,Dave Smith,598 Hill Ave,dave.smith.349dcf27-d8f3-4d09-8ed7-3471796c15f4@example.com
Bright Mart LLC,SD0001773,Active,2010-09-15,Ezra Smith,5427 Broadway Ave,ezra.smith.0eaf5467-b71e-4979-914f-7f8958e087be@example.com
Sky Solutions LLC,SD0001821,Active,2000-04-21,Sara Wilson,8998 Hill Ave,sara.wilson.7e969d9e-0770-4396-8583-5363f1522404@example.com
Prime Tech LLC,SD0001791,Active,1995-02-14,Jen Miller,2275 Maple Ave,jen.miller.cc26a826-4df4-4783-88f9-f383cb321f2c@example.com
Quantum Foods LLC,SD0001777,Active,2012-07-02,Dave Miller,5280 Elm Ave,dave.miller.2635918b-10c7-4cac-85bb-85cc446b1c38@example.com
Rapid Energy LLC,SD0001798,Inactive,2008-03-01,Alex Wilson,6621 Elm Ave,alex.wilson.63879a06-eb74-4911-8580-a6b76fb1c591@example.com
Rapid Tech LLC,SD0001808,Active,2006-06-24,Jen Wilson,8189 Hill Ave,jen.wilson.8a313aab-c8cc-4a74-ab4c-ac3196735e77@example.com
Rapid Consulting LLC,SD0001766,Dissolved,2014-08-10,Ezra Taylor,707 Hill Ave,ezra.taylor.92e59b17-1f7a-4128-915e-8ed5d8c473eb@example.com
Prime Industries LLC,SD0001802,Active,2024-02-11,Alex Miller,276 Broadway Ave,alex.miller.38433f0a-9ef2-40d3-9d0b-87aef1e92df7@example.com
Cedar Ventures LLC,SD0001792,Active,2011-03-20,Gian Johnson,5388 Elm Ave,gian.johnson.4afb3f55-db1f-4e55-a754-90fa6125059f@example.com
Silver Mart LLC,SD0001820,Active,2008-12-09,Maria Wilson,8529 Hill Ave,maria.wilson.366a88fa-9305-40a5-8310-abf3a7b296c6@example.com
Sunny Group LLC,SD0001845,Active,2009-01-11,John Johnson,6637 Broadway Ave,john.johnson.dfbd2f0a-db53-4e71-9d15-f3dc43c2b33b@example.com
Nova Pharmacy LLC,SD0001895,Active,2016-07-22,Ezra Miller,5652 Elm Ave,ezra.miller.f359d117-5d0a-4571-9a1c-aeca8446e2d2@example.com
Blue Foods LLC,SD0001900,Active,2015-05-04,Ezra Garcia,4280 Broadway Ave,ezra.garcia.18ddb6dc-362f-4f23-8762-5c52df7ba52a@example.com
River Holdings LLC,SD0001879,Dissolved,2003-09-20,Maria Anderson,4517 Maple Ave,maria.anderson.64afc853-667c-4e01-8993-be3ce973fbbd@example.com
Apex Energy LLC,SD0001905,Inactive,2025-06-07,Maria Garcia,135 Hill Ave,maria.garcia.f2855ea9-68e5-4db3-b4fe-29e94ddda27e@example.com
Summit Tech LLC,SD0001851,Active,2009-10-03,Jen Anderson,1980 Elm Ave,jen.anderson.9b5dbac1-99be-402d-a603-5ac766802a02@example.com
Crystal Consulting LLC,SD0001829,Inactive,2025-01-22,Maria Davis,9736 Hill Ave,maria.davis.04dc955b-ea33-4113-8a90-eac071d59636@example.com
Sky Labs LLC,SD0001901,Inactive,1995-11-27,Jen Johnson,7970 Maple Ave,jen.johnson.55e57e48-34b0-4369-aa18-21b0cdba7241@example.com
Quantum Foods LLC,SD0001853,Active,2002-08-25,John Wilson,6258 Elm Ave,john.wilson.68903a07-7b31-480f-8d39-877bdc548dec@example.com
Blue Trading LLC,SD0001867,Inactive,1998-04-09,John Davis,3742 Maple Ave,john.davis.fae3cff4-a85b-40e3-9e6e-0c33e95d6fe5@example.com
Pine Market LLC,SD0001872,Active,2019-07-06,Ezra Anderson,4927 Broadway Ave,ezra.anderson.e0b602fd-4651-43b4-99e5-07e4b2044e34@example.com
Silver Holdings LLC,SD0001830,Dissolved,2020-11-20,John Garcia,9300 Hill Ave,john.garcia.014cc9c1-6bad-48f5-9dba-3226c645835a@example.com
Pine Ventures LLC,SD0001828,Active,2004-06-17,Alex Miller,9029 Hill Ave,alex.miller.439bd58d-c83d-469f-b45f-8b97196fabdc@example.com
Blue Holdings LLC,SD0001892,Active,1998-03-27,Maria Taylor,1240 Maple Ave,maria.taylor.b3f94562-11c6-4246-919a-70fd4c8ef04c@example.com
Bright Pharmacy LLC,SD0001855,Pending,2018-06-11,Jen Miller,9010 Hill Ave,jen.miller.7eaff7a3-a11e-40a8-bf17-61f2173095bb@example.com
Silver Builders LLC,SD0001880,Pending,2007-04-19,Maria Wilson,4564 Maple Ave,maria.wilson.20089799-de3e-4161-b51d-574c8913c16a@example.com
Silver Farms LLC,SD0001887,Pending,2013-11-23,Jen Garcia,643 Maple Ave,jen.garcia.b85199e4-25e1-49d3-9ed3-a9990d131f72@example.com
Bright Builders LLC,SD0001902,Active,2000-04-17,Maria Garcia,3767 Maple Ave,maria.garcia.dd4bf637-fcb1-4255-98c4-ba43ecf51142@example.com
,SD0001838,Active,2013-11-15,Maria Davis,4967 Elm Ave,maria.davis.63e765fd-c2ee-43b2-8c5d-ee2ebc7748a3@example.com
,SD0001843,Active,2015-12-09,Ezra Smith,7654 Maple Ave,ezra.smith.1a113a76-3790-44b2-951b-366d617b9567@example.com
Rapid Labs LLC,SD0001954,Active,2014-09-23,Ezra Johnson,1758 Elm Ave,ezra.johnson.2daa313e-1f63-4035-9caa-748c520b02e9@example.com
Sky Trading LLC,SD0001978,Inactive,2004-09-02,Gian Miller,1066 Elm Ave,gian.miller.e169117c-eb5d-4c09-b4e5-2385af53571d@example.com
Quantum Mart LLC,SD0001988,Active,2001-09-12,John Miller,2054 Hill Ave,john.miller.4923441d-8626-4937-b75f-2b80689c438f@example.com
Ocean Holdings LLC,SD0001921,Active,2025-03-20,Jen Johnson,6682 Hill Ave,jen.johnson.1114b7e2-7763-4bf6-9605-d646dbc70541@example.com
Rapid Logistics LLC,SD0001964,Inactive,2017-05-05,Dave Davis,859 Elm Ave,dave.davis.10c77194-263c-4e04-b968-1cd9b952ed23@example.com
Golden Market LLC,SD0001968,Active,2002-10-23,Gian Miller,7845 Maple Ave,gian.miller.1807d92f-843a-4183-8efa-5c90e9a765b2@example.com
Quantum Labs LLC,SD0001945,Active,2008-11-08,Alex Smith,1858 Broadway Ave,alex.smith.8f1ec8eb-8c17-4640-af79-fbb8c067623d@example.com
Silver Builders LLC,SD0001940,Inactive,2019-03-25,Maria Davis,5245 Broadway Ave,maria.davis.7a94fa13-c9d3-4b51-b8d9-b366ea8a9796@example.com
Rapid Builders LLC,SD0001946,Inactive,2021-01-24,Maria Anderson,4157 Maple Ave,maria.anderson.45b6b976-8332-47a1-9839-6f3bc0ad6b91@example.com
Blue Consulting LLC,SD0001973,Dissolved,2025-08-23,Gian Garcia,8504 Maple Ave,gian.garcia.7579ef03-3029-4ca6-b295-48b491b1d65a@example.com
River Consulting LLC,SD0001994,Dissolved,2020-05-26,Maria Miller,9417 Hill Ave,maria.miller.e405761c-ca1d-49aa-b68b-54ab3402544a@example.com
Bright Holdings LLC,SD0001922,Active,2002-10-06,Dave Smith,6501 Maple Ave,dave.smith.85f18a2b-264b-40f6-aeaf-e733629025f0@example.com
Pine Market LLC,SD0001987,Active,2005-10-16,Ezra Wilson,9893 Hill Ave,ezra.wilson.94b5dc6a-cd3a-44d4-a8de-2840e66b73c9@example.com
Crystal Foods LLC,SD0001969,Active,2020-11-19,Sara Johnson,728 Broadway Ave,sara.johnson.6fbb0645-d1f0-48d5-bf51-47329c4a8236@example.com
Cedar Market LLC,SD0001918,Active,2021-08-19,Jen Garcia,6054 Hill Ave,jen.garcia.a4d04727-a0f8-4079-a324-5b6f09d217ed@example.com
Metro Industries LLC,SD0001957,Active,2008-06-15,Alex Wilson,3932 Maple Ave,alex.wilson.f5757d5b-9e8b-4a51-a739-380db7a2d1be@example.com
Golden Group LLC,SD0001925,Active,2015-01-06,Ezra Garcia,3028 Elm Ave,ezra.garcia.b02b728f-5c6d-441e-9194-46499a110a43@example.com
Rapid Energy LLC,SD0001923,Pending,1998-04-19,Jen Wilson,134 Maple Ave,jen.wilson.5f8ec438-f36c-4780-a720-6bd196fbdc22@example.com
Rapid Pharmacy LLC,SD0001992,Active,2011-07-27,Maria Smith,6588 Elm Ave,maria.smith.6ec83e02-de07-496c-9f83-b1474c769a10@example.com
Harmony Foods LLC,SD0001949,Inactive,1999-05-20,Gian Smith,24 Broadway Ave,gian.smith.a2c45855-bbb1-4295-9422-1af96e701a10@example.com
